{"offline_id": "6e6b82c62eac419f94b82c1b39b3789b", "project_name": "yolov5", "start_time": 1727877389095, "stop_time": 1727877570625, "tags": [], "workspace": null, "resume_strategy": "create", "customer_error_reported": true, "customer_error_message": "Unexpected error detected in the user script: OutOfMemoryError('CUDA out of memory. Tried to allocate 38.00 MiB. GPU 0 has a total capacity of 8.00 GiB of which 0 bytes is free. Of the allocated memory 9.08 GiB is allocated by PyTorch, and 233.63 MiB is reserved by PyTorch but unallocated. If reserved but unallocated memory is large try setting PYTORCH_CUDA_ALLOC_CONF=expandable_segments:True to avoid fragmentation.  See documentation for Memory Management  (https://pytorch.org/docs/stable/notes/cuda.html#environment-variables)')", "user_provided_experiment_key": false, "comet_start_sourced": false}