{"offline_id": "98d0b12955fa4d1180565ff930dc002d", "project_name": "yolov5", "start_time": 1727876888358, "stop_time": 1727877179570, "tags": [], "workspace": null, "resume_strategy": "create", "customer_error_reported": true, "customer_error_message": "Unexpected error detected in the user script: OutOfMemoryError('CUDA out of memory. Tried to allocate 74.00 MiB. GPU 0 has a total capacity of 8.00 GiB of which 259.00 MiB is free. Of the allocated memory 6.57 GiB is allocated by PyTorch, and 96.78 MiB is reserved by PyTorch but unallocated. If reserved but unallocated memory is large try setting PYTORCH_CUDA_ALLOC_CONF=expandable_segments:True to avoid fragmentation.  See documentation for Memory Management  (https://pytorch.org/docs/stable/notes/cuda.html#environment-variables)')", "user_provided_experiment_key": false, "comet_start_sourced": false}