{"payload":{"installed_packages":["absl-py==2.1.0","albucore==0.0.17","albumentations==1.4.16","annotated-types==0.7.0","asttokens==2.4.1","attrs==24.2.0","autocommand==2.2.2","backports.tarfile==1.2.0","brotli==1.0.9","certifi==2024.8.30","charset-normalizer==3.3.2","clearml==1.16.4","colorama==0.4.6","comet-ml==3.47.0","configobj==5.0.9","contourpy==1.3.0","cycler==0.12.1","decorator==5.1.1","dulwich==0.22.1","eval-type-backport==0.2.0","everett==3.1.0","exceptiongroup==1.2.2","executing==2.1.0","filelock==3.13.1","fonttools==4.54.1","fsspec==2024.9.0","furl==2.1.3","gitdb==4.0.11","gitpython==3.1.43","gmpy2==2.1.2","grpcio==1.66.2","idna==3.10","imageio==2.35.1","importlib-metadata==8.5.0","importlib-resources==6.4.5","inflect==7.3.1","ipython==8.18.1","jaraco.collections==5.1.0","jaraco.context==5.3.0","jaraco.functools==4.0.1","jaraco.text==3.12.1","jedi==0.19.1","jinja2==3.1.4","jsonschema==4.23.0","jsonschema-specifications==2023.12.1","kiwisolver==1.4.7","lazy-loader==0.4","markdown==3.7","markdown-it-py==3.0.0","markupsafe==2.1.3","matplotlib==3.9.2","matplotlib-inline==0.1.7","mdurl==0.1.2","mkl-fft==1.3.10","mkl-random==1.2.7","mkl-service==2.4.0","more-itertools==10.3.0","mpmath==1.3.0","networkx==3.2.1","numpy==2.0.1","opencv-python==4.10.0.84","opencv-python-headless==4.10.0.84","orderedmultidict==1.0.1","packaging==24.1","pandas==2.2.3","parso==0.8.4","pathlib2==2.3.7.post1","pillow==10.4.0","pip==24.2","platformdirs==4.2.2","prompt-toolkit==3.0.48","protobuf==5.28.2","psutil==6.0.0","pure-eval==0.2.3","pycocotools==2.0.8","pydantic==2.9.2","pydantic-core==2.23.4","pygments==2.18.0","pyjwt==2.8.0","pyparsing==3.1.4","pysocks==1.7.1","python-box==6.1.0","python-dateutil==2.9.0.post0","pytz==2024.2","pyyaml==6.0.1","referencing==0.35.1","requests==2.32.3","requests-toolbelt==1.0.0","rich==13.8.1","rpds-py==0.20.0","scikit-image==0.24.0","scipy==1.13.1","seaborn==0.13.2","semantic-version==2.10.0","sentry-sdk==2.14.0","setuptools==75.1.0","simplejson==3.19.3","six==1.16.0","smmap==5.0.1","stack-data==0.6.3","sympy==1.13.2","tensorboard==2.18.0","tensorboard-data-server==0.7.2","thop==0.1.1.post2209072238","tifffile==2024.8.30","tomli==2.0.1","torch==2.4.1","torchaudio==2.4.1","torchvision==0.19.1","tqdm==4.66.5","traitlets==5.14.3","typeguard==4.3.0","typing-extensions==4.11.0","tzdata==2024.2","urllib3==2.2.3","wcwidth==0.2.13","werkzeug==3.0.4","wheel==0.44.0","win-inet-pton==1.1.0","wrapt==1.16.0","wurlitzer==3.1.1","zipp==3.20.2"],"message_id":1},"type":"installed_packages"}
{"payload":{"command":["E:\\TOOL\\yolov9\\yolov9-main\\yolov9-main\\train_dual.py"],"env":null,"hostname":"VICTOR","ip":"192.168.10.166","machine":"AMD64","message_id":2,"os":"Windows-10-10.0.22631-SP0","os_release":"10","os_type":"Windows","pid":38952,"processor":"AMD64 Family 25 Model 97 Stepping 2, AuthenticAMD","python_exe":"E:\\SOFTWARE\\annaconda\\annaconda_evn\\envs\\yolo_for_calcification\\python.exe","python_version":"3.9.19","python_version_verbose":"3.9.19 (main, May  6 2024, 20:12:36) [MSC v.1916 64 bit (AMD64)]","user":"zzy10"},"type":"system_details"}
{"payload":{"gpu_static_info":[{"gpu_index":0,"name":"NVIDIA GeForce RTX 4060 Laptop GPU","power_limit":35000,"total_memory":8585740288,"uuid":"GPU-ee3c6542-c88e-cab8-ba90-894543a43adb"}],"message_id":3},"type":"gpu_static_info"}
{"payload":{"local_timestamp":1727876891429,"message_id":4,"metric":{"epoch":null,"metricName":"sys.gpu.0.total_memory","metricValue":8585740288,"step":null}},"type":"metric_msg"}
{"payload":{"key":"offline_experiment","message_id":5,"value":true},"type":"log_other"}
{"payload":{"additional_params":{"assetId":"ab1f56d48f7b4a03a6c56bd2892b886f","context":null,"extension":"yaml","fileName":"data.yaml","overwrite":false,"runId":null,"step":null},"clean":true,"file_path":"tmps_4skfaj","local_timestamp":1727876891444,"message_id":6,"metadata":{"type":"data-config-file"},"upload_type":"asset"},"type":"file_upload"}
{"payload":{"local_timestamp":1727876891444,"message_id":7,"metric":{"epoch":null,"metricName":"sys.gpu.0.gpu_utilization","metricValue":10,"step":null}},"type":"metric_msg"}
{"payload":{"local_timestamp":1727876891445,"message_id":8,"metric":{"epoch":null,"metricName":"sys.gpu.0.power_usage","metricValue":3571,"step":null}},"type":"metric_msg"}
{"payload":{"local_timestamp":1727876891445,"message_id":9,"metric":{"epoch":null,"metricName":"sys.gpu.0.temperature","metricValue":50,"step":null}},"type":"metric_msg"}
{"payload":{"local_timestamp":1727876891445,"message_id":10,"metric":{"epoch":null,"metricName":"sys.gpu.0.memory_utilization","metricValue":3,"step":null}},"type":"metric_msg"}
{"payload":{"local_timestamp":1727876891445,"message_id":11,"metric":{"epoch":null,"metricName":"sys.gpu.0.free_memory","metricValue":7966855168,"step":null}},"type":"metric_msg"}
{"payload":{"local_timestamp":1727876891445,"message_id":12,"metric":{"epoch":null,"metricName":"sys.gpu.0.used_memory","metricValue":618885120,"step":null}},"type":"metric_msg"}
{"payload":{"local_timestamp":1727876891445,"message_id":13,"metric":{"epoch":null,"metricName":"sys.gpu.0.percent.used_memory","metricValue":7.208290715070835,"step":null}},"type":"metric_msg"}
{"payload":{"key":"Created from","message_id":14,"value":"YOLOv5"},"type":"log_other"}
{"payload":{"key":"hasNestedParams","message_id":15,"value":true},"type":"log_other"}
{"payload":{"local_timestamp":1727876891452,"message_id":16,"param":{"paramName":"artifact_alias","paramValue":"latest","source":"manual","step":null}},"type":"parameter_msg"}
{"payload":{"local_timestamp":1727876891452,"message_id":17,"param":{"paramName":"batch_size","paramValue":16,"source":"manual","step":null}},"type":"parameter_msg"}
{"payload":{"local_timestamp":1727876891452,"message_id":18,"param":{"paramName":"bbox_interval","paramValue":-1,"source":"manual","step":null}},"type":"parameter_msg"}
{"payload":{"local_timestamp":1727876891452,"message_id":19,"param":{"paramName":"bucket","paramValue":"","source":"manual","step":null}},"type":"parameter_msg"}
{"payload":{"local_timestamp":1727876891452,"message_id":20,"param":{"paramName":"cache","paramValue":null,"source":"manual","step":null}},"type":"parameter_msg"}
{"payload":{"local_timestamp":1727876891452,"message_id":21,"param":{"paramName":"cfg","paramValue":"models/detect/yolov9-c.yaml","source":"manual","step":null}},"type":"parameter_msg"}
{"payload":{"local_timestamp":1727876891452,"message_id":22,"param":{"paramName":"close_mosaic","paramValue":0,"source":"manual","step":null}},"type":"parameter_msg"}
{"payload":{"local_timestamp":1727876891452,"message_id":23,"param":{"paramName":"cos_lr","paramValue":false,"source":"manual","step":null}},"type":"parameter_msg"}
{"payload":{"local_timestamp":1727876891452,"message_id":24,"param":{"paramName":"data","paramValue":"E:\\TOOL\\yolov9\\yolov9-main\\yolov9-main\\utils\\data.yaml","source":"manual","step":null}},"type":"parameter_msg"}
{"payload":{"local_timestamp":1727876891452,"message_id":25,"param":{"paramName":"device","paramValue":"cuda:0","source":"manual","step":null}},"type":"parameter_msg"}
{"payload":{"local_timestamp":1727876891452,"message_id":26,"param":{"paramName":"entity","paramValue":null,"source":"manual","step":null}},"type":"parameter_msg"}
{"payload":{"local_timestamp":1727876891452,"message_id":27,"param":{"paramName":"epochs","paramValue":100,"source":"manual","step":null}},"type":"parameter_msg"}
{"payload":{"local_timestamp":1727876891452,"message_id":28,"param":{"paramName":"evolve","paramValue":null,"source":"manual","step":null}},"type":"parameter_msg"}
{"payload":{"local_timestamp":1727876891452,"message_id":29,"param":{"paramName":"exist_ok","paramValue":false,"source":"manual","step":null}},"type":"parameter_msg"}
{"payload":{"local_timestamp":1727876891452,"message_id":30,"param":{"paramName":"fixed_lr","paramValue":false,"source":"manual","step":null}},"type":"parameter_msg"}
{"payload":{"local_timestamp":1727876891452,"message_id":31,"param":{"paramName":"flat_cos_lr","paramValue":false,"source":"manual","step":null}},"type":"parameter_msg"}
{"payload":{"local_timestamp":1727876891452,"message_id":32,"params":{"paramName":"freeze","paramValue":[0],"source":"manual","step":null}},"type":"parameter_msg"}
{"payload":{"local_timestamp":1727876891452,"message_id":33,"param":{"paramName":"hyp|anchor_t","paramValue":5.0,"source":"manual","step":null}},"type":"parameter_msg"}
{"payload":{"local_timestamp":1727876891452,"message_id":34,"param":{"paramName":"hyp|box","paramValue":7.5,"source":"manual","step":null}},"type":"parameter_msg"}
{"payload":{"local_timestamp":1727876891452,"message_id":35,"param":{"paramName":"hyp|cls","paramValue":0.5,"source":"manual","step":null}},"type":"parameter_msg"}
{"payload":{"local_timestamp":1727876891452,"message_id":36,"param":{"paramName":"hyp|cls_pw","paramValue":1.0,"source":"manual","step":null}},"type":"parameter_msg"}
{"payload":{"local_timestamp":1727876891452,"message_id":37,"param":{"paramName":"hyp|copy_paste","paramValue":0.3,"source":"manual","step":null}},"type":"parameter_msg"}
{"payload":{"local_timestamp":1727876891452,"message_id":38,"param":{"paramName":"hyp|degrees","paramValue":0.0,"source":"manual","step":null}},"type":"parameter_msg"}
{"payload":{"local_timestamp":1727876891452,"message_id":39,"param":{"paramName":"hyp|dfl","paramValue":1.5,"source":"manual","step":null}},"type":"parameter_msg"}
{"payload":{"local_timestamp":1727876891452,"message_id":40,"param":{"paramName":"hyp|fl_gamma","paramValue":0.0,"source":"manual","step":null}},"type":"parameter_msg"}
{"payload":{"local_timestamp":1727876891452,"message_id":41,"param":{"paramName":"hyp|fliplr","paramValue":0.5,"source":"manual","step":null}},"type":"parameter_msg"}
{"payload":{"local_timestamp":1727876891452,"message_id":42,"param":{"paramName":"hyp|flipud","paramValue":0.0,"source":"manual","step":null}},"type":"parameter_msg"}
{"payload":{"local_timestamp":1727876891454,"message_id":43,"param":{"paramName":"hyp|hsv_h","paramValue":0.015,"source":"manual","step":null}},"type":"parameter_msg"}
{"payload":{"local_timestamp":1727876891454,"message_id":44,"param":{"paramName":"hyp|hsv_s","paramValue":0.7,"source":"manual","step":null}},"type":"parameter_msg"}
{"payload":{"local_timestamp":1727876891454,"message_id":45,"param":{"paramName":"hyp|hsv_v","paramValue":0.4,"source":"manual","step":null}},"type":"parameter_msg"}
{"payload":{"local_timestamp":1727876891454,"message_id":46,"param":{"paramName":"hyp|iou_t","paramValue":0.2,"source":"manual","step":null}},"type":"parameter_msg"}
{"payload":{"local_timestamp":1727876891454,"message_id":47,"param":{"paramName":"hyp|lr0","paramValue":0.01,"source":"manual","step":null}},"type":"parameter_msg"}
{"payload":{"local_timestamp":1727876891454,"message_id":48,"param":{"paramName":"hyp|lrf","paramValue":0.01,"source":"manual","step":null}},"type":"parameter_msg"}
{"payload":{"local_timestamp":1727876891454,"message_id":49,"param":{"paramName":"hyp|mixup","paramValue":0.15,"source":"manual","step":null}},"type":"parameter_msg"}
{"payload":{"local_timestamp":1727876891454,"message_id":50,"param":{"paramName":"hyp|momentum","paramValue":0.937,"source":"manual","step":null}},"type":"parameter_msg"}
{"payload":{"local_timestamp":1727876891454,"message_id":51,"param":{"paramName":"hyp|mosaic","paramValue":1.0,"source":"manual","step":null}},"type":"parameter_msg"}
{"payload":{"local_timestamp":1727876891454,"message_id":52,"param":{"paramName":"hyp|obj","paramValue":0.7,"source":"manual","step":null}},"type":"parameter_msg"}
{"payload":{"local_timestamp":1727876891454,"message_id":53,"param":{"paramName":"hyp|obj_pw","paramValue":1.0,"source":"manual","step":null}},"type":"parameter_msg"}
{"payload":{"local_timestamp":1727876891454,"message_id":54,"param":{"paramName":"hyp|perspective","paramValue":0.0,"source":"manual","step":null}},"type":"parameter_msg"}
{"payload":{"local_timestamp":1727876891454,"message_id":55,"param":{"paramName":"hyp|scale","paramValue":0.9,"source":"manual","step":null}},"type":"parameter_msg"}
{"payload":{"local_timestamp":1727876891454,"message_id":56,"param":{"paramName":"hyp|shear","paramValue":0.0,"source":"manual","step":null}},"type":"parameter_msg"}
{"payload":{"local_timestamp":1727876891454,"message_id":57,"param":{"paramName":"hyp|translate","paramValue":0.1,"source":"manual","step":null}},"type":"parameter_msg"}
{"payload":{"local_timestamp":1727876891454,"message_id":58,"param":{"paramName":"hyp|warmup_bias_lr","paramValue":0.1,"source":"manual","step":null}},"type":"parameter_msg"}
{"payload":{"local_timestamp":1727876891454,"message_id":59,"param":{"paramName":"hyp|warmup_epochs","paramValue":3.0,"source":"manual","step":null}},"type":"parameter_msg"}
{"payload":{"local_timestamp":1727876891454,"message_id":60,"param":{"paramName":"hyp|warmup_momentum","paramValue":0.8,"source":"manual","step":null}},"type":"parameter_msg"}
{"payload":{"local_timestamp":1727876891454,"message_id":61,"param":{"paramName":"hyp|weight_decay","paramValue":0.0005,"source":"manual","step":null}},"type":"parameter_msg"}
{"payload":{"local_timestamp":1727876891454,"message_id":62,"param":{"paramName":"image_weights","paramValue":false,"source":"manual","step":null}},"type":"parameter_msg"}
{"payload":{"local_timestamp":1727876891454,"message_id":63,"param":{"paramName":"imgsz","paramValue":1088,"source":"manual","step":null}},"type":"parameter_msg"}
{"payload":{"local_timestamp":1727876891454,"message_id":64,"param":{"paramName":"label_smoothing","paramValue":0.0,"source":"manual","step":null}},"type":"parameter_msg"}
{"payload":{"local_timestamp":1727876891454,"message_id":65,"param":{"paramName":"local_rank","paramValue":-1,"source":"manual","step":null}},"type":"parameter_msg"}
{"payload":{"local_timestamp":1727876891454,"message_id":66,"param":{"paramName":"min_items","paramValue":0,"source":"manual","step":null}},"type":"parameter_msg"}
{"payload":{"local_timestamp":1727876891454,"message_id":67,"param":{"paramName":"multi_scale","paramValue":false,"source":"manual","step":null}},"type":"parameter_msg"}
{"payload":{"local_timestamp":1727876891454,"message_id":68,"param":{"paramName":"name","paramValue":"exp","source":"manual","step":null}},"type":"parameter_msg"}
{"payload":{"local_timestamp":1727876891454,"message_id":69,"param":{"paramName":"noautoanchor","paramValue":false,"source":"manual","step":null}},"type":"parameter_msg"}
{"payload":{"local_timestamp":1727876891454,"message_id":70,"param":{"paramName":"noplots","paramValue":false,"source":"manual","step":null}},"type":"parameter_msg"}
{"payload":{"local_timestamp":1727876891454,"message_id":71,"param":{"paramName":"nosave","paramValue":false,"source":"manual","step":null}},"type":"parameter_msg"}
{"payload":{"local_timestamp":1727876891454,"message_id":72,"param":{"paramName":"noval","paramValue":false,"source":"manual","step":null}},"type":"parameter_msg"}
{"payload":{"local_timestamp":1727876891454,"message_id":73,"param":{"paramName":"optimizer","paramValue":"SGD","source":"manual","step":null}},"type":"parameter_msg"}
{"payload":{"local_timestamp":1727876891454,"message_id":74,"param":{"paramName":"patience","paramValue":100,"source":"manual","step":null}},"type":"parameter_msg"}
{"payload":{"local_timestamp":1727876891454,"message_id":75,"param":{"paramName":"project","paramValue":"runs\\train","source":"manual","step":null}},"type":"parameter_msg"}
{"payload":{"local_timestamp":1727876891454,"message_id":76,"param":{"paramName":"quad","paramValue":false,"source":"manual","step":null}},"type":"parameter_msg"}
{"payload":{"local_timestamp":1727876891454,"message_id":77,"param":{"paramName":"rect","paramValue":false,"source":"manual","step":null}},"type":"parameter_msg"}
{"payload":{"local_timestamp":1727876891454,"message_id":78,"param":{"paramName":"resume","paramValue":false,"source":"manual","step":null}},"type":"parameter_msg"}
{"payload":{"local_timestamp":1727876891454,"message_id":79,"param":{"paramName":"save_dir","paramValue":"runs\\train\\exp13","source":"manual","step":null}},"type":"parameter_msg"}
{"payload":{"local_timestamp":1727876891454,"message_id":80,"param":{"paramName":"save_period","paramValue":-1,"source":"manual","step":null}},"type":"parameter_msg"}
{"payload":{"local_timestamp":1727876891454,"message_id":81,"param":{"paramName":"seed","paramValue":0,"source":"manual","step":null}},"type":"parameter_msg"}
{"payload":{"local_timestamp":1727876891454,"message_id":82,"param":{"paramName":"single_cls","paramValue":false,"source":"manual","step":null}},"type":"parameter_msg"}
{"payload":{"local_timestamp":1727876891454,"message_id":83,"param":{"paramName":"sync_bn","paramValue":false,"source":"manual","step":null}},"type":"parameter_msg"}
{"payload":{"local_timestamp":1727876891454,"message_id":84,"param":{"paramName":"upload_dataset","paramValue":false,"source":"manual","step":null}},"type":"parameter_msg"}
{"payload":{"local_timestamp":1727876891454,"message_id":85,"param":{"paramName":"weights","paramValue":"","source":"manual","step":null}},"type":"parameter_msg"}
{"payload":{"local_timestamp":1727876891454,"message_id":86,"param":{"paramName":"workers","paramValue":8,"source":"manual","step":null}},"type":"parameter_msg"}
{"payload":{"local_timestamp":1727876891454,"message_id":87,"param":{"paramName":"anchor_t","paramValue":5.0,"source":"manual","step":null}},"type":"parameter_msg"}
{"payload":{"local_timestamp":1727876891454,"message_id":88,"param":{"paramName":"box","paramValue":7.5,"source":"manual","step":null}},"type":"parameter_msg"}
{"payload":{"local_timestamp":1727876891454,"message_id":89,"param":{"paramName":"cls","paramValue":0.5,"source":"manual","step":null}},"type":"parameter_msg"}
{"payload":{"local_timestamp":1727876891454,"message_id":90,"param":{"paramName":"cls_pw","paramValue":1.0,"source":"manual","step":null}},"type":"parameter_msg"}
{"payload":{"local_timestamp":1727876891454,"message_id":91,"param":{"paramName":"copy_paste","paramValue":0.3,"source":"manual","step":null}},"type":"parameter_msg"}
{"payload":{"local_timestamp":1727876891454,"message_id":92,"param":{"paramName":"degrees","paramValue":0.0,"source":"manual","step":null}},"type":"parameter_msg"}
{"payload":{"local_timestamp":1727876891454,"message_id":93,"param":{"paramName":"dfl","paramValue":1.5,"source":"manual","step":null}},"type":"parameter_msg"}
{"payload":{"local_timestamp":1727876891454,"message_id":94,"param":{"paramName":"fl_gamma","paramValue":0.0,"source":"manual","step":null}},"type":"parameter_msg"}
{"payload":{"local_timestamp":1727876891454,"message_id":95,"param":{"paramName":"fliplr","paramValue":0.5,"source":"manual","step":null}},"type":"parameter_msg"}
{"payload":{"local_timestamp":1727876891454,"message_id":96,"param":{"paramName":"flipud","paramValue":0.0,"source":"manual","step":null}},"type":"parameter_msg"}
{"payload":{"local_timestamp":1727876891454,"message_id":97,"param":{"paramName":"hsv_h","paramValue":0.015,"source":"manual","step":null}},"type":"parameter_msg"}
{"payload":{"local_timestamp":1727876891454,"message_id":98,"param":{"paramName":"hsv_s","paramValue":0.7,"source":"manual","step":null}},"type":"parameter_msg"}
{"payload":{"local_timestamp":1727876891454,"message_id":99,"param":{"paramName":"hsv_v","paramValue":0.4,"source":"manual","step":null}},"type":"parameter_msg"}
{"payload":{"local_timestamp":1727876891454,"message_id":100,"param":{"paramName":"iou_t","paramValue":0.2,"source":"manual","step":null}},"type":"parameter_msg"}
{"payload":{"local_timestamp":1727876891454,"message_id":101,"param":{"paramName":"lr0","paramValue":0.01,"source":"manual","step":null}},"type":"parameter_msg"}
{"payload":{"local_timestamp":1727876891454,"message_id":102,"param":{"paramName":"lrf","paramValue":0.01,"source":"manual","step":null}},"type":"parameter_msg"}
{"payload":{"local_timestamp":1727876891454,"message_id":103,"param":{"paramName":"mixup","paramValue":0.15,"source":"manual","step":null}},"type":"parameter_msg"}
{"payload":{"local_timestamp":1727876891454,"message_id":104,"param":{"paramName":"momentum","paramValue":0.937,"source":"manual","step":null}},"type":"parameter_msg"}
{"payload":{"local_timestamp":1727876891454,"message_id":105,"param":{"paramName":"mosaic","paramValue":1.0,"source":"manual","step":null}},"type":"parameter_msg"}
{"payload":{"local_timestamp":1727876891454,"message_id":106,"param":{"paramName":"obj","paramValue":0.7,"source":"manual","step":null}},"type":"parameter_msg"}
{"payload":{"local_timestamp":1727876891454,"message_id":107,"param":{"paramName":"obj_pw","paramValue":1.0,"source":"manual","step":null}},"type":"parameter_msg"}
{"payload":{"local_timestamp":1727876891454,"message_id":108,"param":{"paramName":"perspective","paramValue":0.0,"source":"manual","step":null}},"type":"parameter_msg"}
{"payload":{"local_timestamp":1727876891454,"message_id":109,"param":{"paramName":"scale","paramValue":0.9,"source":"manual","step":null}},"type":"parameter_msg"}
{"payload":{"local_timestamp":1727876891454,"message_id":110,"param":{"paramName":"shear","paramValue":0.0,"source":"manual","step":null}},"type":"parameter_msg"}
{"payload":{"local_timestamp":1727876891454,"message_id":111,"param":{"paramName":"translate","paramValue":0.1,"source":"manual","step":null}},"type":"parameter_msg"}
{"payload":{"local_timestamp":1727876891454,"message_id":112,"param":{"paramName":"warmup_bias_lr","paramValue":0.1,"source":"manual","step":null}},"type":"parameter_msg"}
{"payload":{"local_timestamp":1727876891454,"message_id":113,"param":{"paramName":"warmup_epochs","paramValue":3.0,"source":"manual","step":null}},"type":"parameter_msg"}
{"payload":{"local_timestamp":1727876891454,"message_id":114,"param":{"paramName":"warmup_momentum","paramValue":0.8,"source":"manual","step":null}},"type":"parameter_msg"}
{"payload":{"local_timestamp":1727876891454,"message_id":115,"param":{"paramName":"weight_decay","paramValue":0.0005,"source":"manual","step":null}},"type":"parameter_msg"}
{"payload":{"additional_params":{"assetId":"d4263edd294b46f2bfed2fa99fdb7c12","context":null,"epoch":null,"extension":"json","fileName":"hyperparameters.json","overwrite":false,"runId":null,"step":null},"clean":true,"file_path":"tmphzhaohyi","local_timestamp":1727876891480,"message_id":116,"metadata":{"type":"hyp-config-file"},"upload_type":"asset"},"type":"file_upload"}
{"payload":{"additional_params":{"assetId":"a65ea03e1f5042e7ba0814fc2044ca91","context":null,"extension":"yaml","fileName":"opt.yaml","overwrite":false,"runId":null,"step":null},"clean":true,"file_path":"tmpcb6co85m","local_timestamp":1727876891457,"message_id":117,"metadata":{"type":"opt-config-file"},"upload_type":"asset"},"type":"file_upload"}
{"payload":{"local_timestamp":1727876891459,"message_id":118,"param":{"paramName":"val_conf_threshold","paramValue":0.001,"source":"manual","step":null}},"type":"parameter_msg"}
{"payload":{"local_timestamp":1727876891459,"message_id":119,"param":{"paramName":"val_iou_threshold","paramValue":0.6,"source":"manual","step":null}},"type":"parameter_msg"}
{"payload":{"key":"comet_mode","message_id":120,"value":"online"},"type":"log_other"}
{"payload":{"key":"comet_max_image_uploads","message_id":121,"value":100},"type":"log_other"}
{"payload":{"key":"comet_log_per_class_metrics","message_id":122,"value":false},"type":"log_other"}
{"payload":{"key":"comet_log_batch_metrics","message_id":123,"value":false},"type":"log_other"}
{"payload":{"key":"comet_log_confusion_matrix","message_id":124,"value":true},"type":"log_other"}
{"payload":{"key":"comet_model_name","message_id":125,"value":"yolov5"},"type":"log_other"}
{"payload":{"local_timestamp":1727876891887,"message_id":126,"metric":{"epoch":null,"metricName":"sys.cpu.percent.avg","metricValue":0.0,"step":null}},"type":"metric_msg"}
{"payload":{"local_timestamp":1727876891887,"message_id":127,"metric":{"epoch":null,"metricName":"sys.ram.total","metricValue":16340418560,"step":null}},"type":"metric_msg"}
{"payload":{"local_timestamp":1727876891887,"message_id":128,"metric":{"epoch":null,"metricName":"sys.ram.used","metricValue":14890913792,"step":null}},"type":"metric_msg"}
{"payload":{"local_timestamp":1727876891887,"message_id":129,"metric":{"epoch":null,"metricName":"sys.ram.available","metricValue":1449504768,"step":null}},"type":"metric_msg"}
{"payload":{"local_timestamp":1727876891887,"message_id":130,"metric":{"epoch":null,"metricName":"sys.ram.percent.used","metricValue":91.1,"step":null}},"type":"metric_msg"}
{"payload":{"local_timestamp":1727876891887,"message_id":131,"metric":{"epoch":null,"metricName":"sys.load.avg","metricValue":0.0,"step":null}},"type":"metric_msg"}
{"payload":{"local_timestamp":1727876897449,"message_id":132,"output":"\r\u001b[34m\u001b[1mtrain: \u001b[0mScanning E:\\PROJECT\\deta_set\\test_city-v27i\\test_city.v27i.yolov9\\train\\labels.cache... 3567 images, 597 backgrounds, 0 corrupt: 100%|\u2588\u2588\u2588\u2588\u2588\u2588\u2588\u2588\u2588\u2588| 3567/3567 00:00","stderr":true},"type":"standard_output"}
{"payload":{"local_timestamp":1727876897450,"message_id":133,"output":"\r\u001b[34m\u001b[1mtrain: \u001b[0mScanning E:\\PROJECT\\deta_set\\test_city-v27i\\test_city.v27i.yolov9\\train\\labels.cache... 3567 images, 597 backgrounds, 0 corrupt: 100%|\u2588\u2588\u2588\u2588\u2588\u2588\u2588\u2588\u2588\u2588| 3567/3567 00:00","stderr":true},"type":"standard_output"}
{"payload":{"local_timestamp":1727876897450,"message_id":134,"output":"\n","stderr":true},"type":"standard_output"}
{"payload":{"additional_params":{"assetId":"6c390ef110e04ea4acc5583882129f42","context":null,"epoch":null,"extension":"txt","fileName":"conda-spec.txt","overwrite":false,"runId":null,"step":null,"type":"conda-specification"},"clean":true,"file_path":"tmp7iei4fkn","local_timestamp":1727876904130,"message_id":135,"metadata":{},"upload_type":"conda-specification"},"type":"file_upload"}
{"payload":{"additional_params":{"assetId":"2787b54fa52948ed8a2a11bace6fcff3","context":null,"epoch":null,"extension":"yml","fileName":"conda-info.yml","overwrite":false,"runId":null,"step":null,"type":"conda-info"},"clean":true,"file_path":"tmp7_drrony","local_timestamp":1727876911032,"message_id":136,"metadata":{},"upload_type":"conda-info"},"type":"file_upload"}
{"payload":{"local_timestamp":1727876922531,"message_id":137,"metric":{"epoch":null,"metricName":"sys.gpu.0.gpu_utilization","metricValue":9,"step":null}},"type":"metric_msg"}
{"payload":{"local_timestamp":1727876922531,"message_id":138,"metric":{"epoch":null,"metricName":"sys.gpu.0.power_usage","metricValue":3625,"step":null}},"type":"metric_msg"}
{"payload":{"local_timestamp":1727876922531,"message_id":139,"metric":{"epoch":null,"metricName":"sys.gpu.0.temperature","metricValue":50,"step":null}},"type":"metric_msg"}
{"payload":{"local_timestamp":1727876922531,"message_id":140,"metric":{"epoch":null,"metricName":"sys.gpu.0.memory_utilization","metricValue":7,"step":null}},"type":"metric_msg"}
{"payload":{"local_timestamp":1727876922531,"message_id":141,"metric":{"epoch":null,"metricName":"sys.gpu.0.free_memory","metricValue":7427239936,"step":null}},"type":"metric_msg"}
{"payload":{"local_timestamp":1727876922531,"message_id":142,"metric":{"epoch":null,"metricName":"sys.gpu.0.used_memory","metricValue":1158500352,"step":null}},"type":"metric_msg"}
{"payload":{"local_timestamp":1727876922531,"message_id":143,"metric":{"epoch":null,"metricName":"sys.gpu.0.percent.used_memory","metricValue":13.493307660600879,"step":null}},"type":"metric_msg"}
{"payload":{"local_timestamp":1727876922650,"message_id":144,"metric":{"epoch":null,"metricName":"sys.cpu.percent.avg","metricValue":8.378125,"step":null}},"type":"metric_msg"}
{"payload":{"local_timestamp":1727876922650,"message_id":145,"metric":{"epoch":null,"metricName":"sys.ram.total","metricValue":16340418560,"step":null}},"type":"metric_msg"}
{"payload":{"local_timestamp":1727876922651,"message_id":146,"metric":{"epoch":null,"metricName":"sys.ram.used","metricValue":15884013568,"step":null}},"type":"metric_msg"}
{"payload":{"local_timestamp":1727876922651,"message_id":147,"metric":{"epoch":null,"metricName":"sys.ram.available","metricValue":456404992,"step":null}},"type":"metric_msg"}
{"payload":{"local_timestamp":1727876922651,"message_id":148,"metric":{"epoch":null,"metricName":"sys.ram.percent.used","metricValue":97.2,"step":null}},"type":"metric_msg"}
{"payload":{"local_timestamp":1727876922651,"message_id":149,"metric":{"epoch":null,"metricName":"sys.load.avg","metricValue":0.05,"step":null}},"type":"metric_msg"}
{"payload":{"local_timestamp":1727876922768,"message_id":150,"metric":{"epoch":null,"metricName":"sys.network.send_bps","metricValue":6705,"step":null}},"type":"metric_msg"}
{"payload":{"local_timestamp":1727876922769,"message_id":151,"metric":{"epoch":null,"metricName":"sys.network.receive_bps","metricValue":40242,"step":null}},"type":"metric_msg"}
{"payload":{"local_timestamp":1727876922878,"message_id":152,"metric":{"epoch":null,"metricName":"sys.disk.read_bps","metricValue":25815047.629396968,"step":null}},"type":"metric_msg"}
{"payload":{"local_timestamp":1727876922879,"message_id":153,"metric":{"epoch":null,"metricName":"sys.disk.write_bps","metricValue":2073209.7348429412,"step":null}},"type":"metric_msg"}
{"payload":{"local_timestamp":1727876952964,"message_id":154,"metric":{"epoch":null,"metricName":"sys.gpu.0.gpu_utilization","metricValue":8,"step":null}},"type":"metric_msg"}
{"payload":{"local_timestamp":1727876952964,"message_id":155,"metric":{"epoch":null,"metricName":"sys.gpu.0.power_usage","metricValue":3507,"step":null}},"type":"metric_msg"}
{"payload":{"local_timestamp":1727876952964,"message_id":156,"metric":{"epoch":null,"metricName":"sys.gpu.0.temperature","metricValue":49,"step":null}},"type":"metric_msg"}
{"payload":{"local_timestamp":1727876952964,"message_id":157,"metric":{"epoch":null,"metricName":"sys.gpu.0.memory_utilization","metricValue":6,"step":null}},"type":"metric_msg"}
{"payload":{"local_timestamp":1727876952964,"message_id":158,"metric":{"epoch":null,"metricName":"sys.gpu.0.free_memory","metricValue":7427239936,"step":null}},"type":"metric_msg"}
{"payload":{"local_timestamp":1727876952964,"message_id":159,"metric":{"epoch":null,"metricName":"sys.gpu.0.used_memory","metricValue":1158500352,"step":null}},"type":"metric_msg"}
{"payload":{"local_timestamp":1727876952964,"message_id":160,"metric":{"epoch":null,"metricName":"sys.gpu.0.percent.used_memory","metricValue":13.493307660600879,"step":null}},"type":"metric_msg"}
{"payload":{"local_timestamp":1727876953101,"message_id":161,"metric":{"epoch":null,"metricName":"sys.cpu.percent.avg","metricValue":2.9375,"step":null}},"type":"metric_msg"}
{"payload":{"local_timestamp":1727876953101,"message_id":162,"metric":{"epoch":null,"metricName":"sys.ram.total","metricValue":16340418560,"step":null}},"type":"metric_msg"}
{"payload":{"local_timestamp":1727876953101,"message_id":163,"metric":{"epoch":null,"metricName":"sys.ram.used","metricValue":16134553600,"step":null}},"type":"metric_msg"}
{"payload":{"local_timestamp":1727876953101,"message_id":164,"metric":{"epoch":null,"metricName":"sys.ram.available","metricValue":205864960,"step":null}},"type":"metric_msg"}
{"payload":{"local_timestamp":1727876953101,"message_id":165,"metric":{"epoch":null,"metricName":"sys.ram.percent.used","metricValue":98.7,"step":null}},"type":"metric_msg"}
{"payload":{"local_timestamp":1727876953101,"message_id":166,"metric":{"epoch":null,"metricName":"sys.load.avg","metricValue":0.22,"step":null}},"type":"metric_msg"}
{"payload":{"local_timestamp":1727876953217,"message_id":167,"metric":{"epoch":null,"metricName":"sys.network.send_bps","metricValue":8182,"step":null}},"type":"metric_msg"}
{"payload":{"local_timestamp":1727876953217,"message_id":168,"metric":{"epoch":null,"metricName":"sys.network.receive_bps","metricValue":23543,"step":null}},"type":"metric_msg"}
{"payload":{"local_timestamp":1727876953319,"message_id":169,"metric":{"epoch":null,"metricName":"sys.disk.read_bps","metricValue":11597571.350373989,"step":null}},"type":"metric_msg"}
{"payload":{"local_timestamp":1727876953320,"message_id":170,"metric":{"epoch":null,"metricName":"sys.disk.write_bps","metricValue":654200.1517586962,"step":null}},"type":"metric_msg"}
{"payload":{"local_timestamp":1727876974931,"message_id":171,"output":"\r\u001b[34m\u001b[1mval: \u001b[0mScanning E:\\PROJECT\\deta_set\\test_city-v27i\\test_city.v27i.yolov9\\valid\\labels.cache... 486 images, 93 backgrounds, 0 corrupt: 100%|\u2588\u2588\u2588\u2588\u2588\u2588\u2588\u2588\u2588\u2588| 486/486 00:00","stderr":true},"type":"standard_output"}
{"payload":{"local_timestamp":1727876974931,"message_id":172,"output":"\r\u001b[34m\u001b[1mval: \u001b[0mScanning E:\\PROJECT\\deta_set\\test_city-v27i\\test_city.v27i.yolov9\\valid\\labels.cache... 486 images, 93 backgrounds, 0 corrupt: 100%|\u2588\u2588\u2588\u2588\u2588\u2588\u2588\u2588\u2588\u2588| 486/486 00:00","stderr":true},"type":"standard_output"}
{"payload":{"local_timestamp":1727876974932,"message_id":173,"output":"\n","stderr":true},"type":"standard_output"}
{"payload":{"local_timestamp":1727876983341,"message_id":174,"metric":{"epoch":null,"metricName":"sys.gpu.0.gpu_utilization","metricValue":5,"step":null}},"type":"metric_msg"}
{"payload":{"local_timestamp":1727876983341,"message_id":175,"metric":{"epoch":null,"metricName":"sys.gpu.0.power_usage","metricValue":3391,"step":null}},"type":"metric_msg"}
{"payload":{"local_timestamp":1727876983342,"message_id":176,"metric":{"epoch":null,"metricName":"sys.gpu.0.temperature","metricValue":49,"step":null}},"type":"metric_msg"}
{"payload":{"local_timestamp":1727876983342,"message_id":177,"metric":{"epoch":null,"metricName":"sys.gpu.0.memory_utilization","metricValue":3,"step":null}},"type":"metric_msg"}
{"payload":{"local_timestamp":1727876983342,"message_id":178,"metric":{"epoch":null,"metricName":"sys.gpu.0.free_memory","metricValue":7427239936,"step":null}},"type":"metric_msg"}
{"payload":{"local_timestamp":1727876983342,"message_id":179,"metric":{"epoch":null,"metricName":"sys.gpu.0.used_memory","metricValue":1158500352,"step":null}},"type":"metric_msg"}
{"payload":{"local_timestamp":1727876983342,"message_id":180,"metric":{"epoch":null,"metricName":"sys.gpu.0.percent.used_memory","metricValue":13.493307660600879,"step":null}},"type":"metric_msg"}
{"payload":{"local_timestamp":1727876983519,"message_id":181,"metric":{"epoch":null,"metricName":"sys.cpu.percent.avg","metricValue":11.237499999999997,"step":null}},"type":"metric_msg"}
{"payload":{"local_timestamp":1727876983520,"message_id":182,"metric":{"epoch":null,"metricName":"sys.ram.total","metricValue":16340418560,"step":null}},"type":"metric_msg"}
{"payload":{"local_timestamp":1727876983522,"message_id":183,"metric":{"epoch":null,"metricName":"sys.ram.used","metricValue":16197062656,"step":null}},"type":"metric_msg"}
{"payload":{"local_timestamp":1727876983522,"message_id":184,"metric":{"epoch":null,"metricName":"sys.ram.available","metricValue":143355904,"step":null}},"type":"metric_msg"}
{"payload":{"local_timestamp":1727876983523,"message_id":185,"metric":{"epoch":null,"metricName":"sys.ram.percent.used","metricValue":99.1,"step":null}},"type":"metric_msg"}
{"payload":{"local_timestamp":1727876983524,"message_id":186,"metric":{"epoch":null,"metricName":"sys.load.avg","metricValue":0.26,"step":null}},"type":"metric_msg"}
{"payload":{"local_timestamp":1727876983644,"message_id":187,"metric":{"epoch":null,"metricName":"sys.network.send_bps","metricValue":15380,"step":null}},"type":"metric_msg"}
{"payload":{"local_timestamp":1727876983644,"message_id":188,"metric":{"epoch":null,"metricName":"sys.network.receive_bps","metricValue":275053,"step":null}},"type":"metric_msg"}
{"payload":{"local_timestamp":1727876983757,"message_id":189,"metric":{"epoch":null,"metricName":"sys.disk.read_bps","metricValue":21828216.330846664,"step":null}},"type":"metric_msg"}
{"payload":{"local_timestamp":1727876983758,"message_id":190,"metric":{"epoch":null,"metricName":"sys.disk.write_bps","metricValue":9679393.010998966,"step":null}},"type":"metric_msg"}
{"payload":{"local_timestamp":1727877013812,"message_id":191,"metric":{"epoch":null,"metricName":"sys.gpu.0.gpu_utilization","metricValue":9,"step":null}},"type":"metric_msg"}
{"payload":{"local_timestamp":1727877013813,"message_id":192,"metric":{"epoch":null,"metricName":"sys.gpu.0.power_usage","metricValue":3450,"step":null}},"type":"metric_msg"}
{"payload":{"local_timestamp":1727877013813,"message_id":193,"metric":{"epoch":null,"metricName":"sys.gpu.0.temperature","metricValue":50,"step":null}},"type":"metric_msg"}
{"payload":{"local_timestamp":1727877013813,"message_id":194,"metric":{"epoch":null,"metricName":"sys.gpu.0.memory_utilization","metricValue":4,"step":null}},"type":"metric_msg"}
{"payload":{"local_timestamp":1727877013813,"message_id":195,"metric":{"epoch":null,"metricName":"sys.gpu.0.free_memory","metricValue":7427239936,"step":null}},"type":"metric_msg"}
{"payload":{"local_timestamp":1727877013813,"message_id":196,"metric":{"epoch":null,"metricName":"sys.gpu.0.used_memory","metricValue":1158500352,"step":null}},"type":"metric_msg"}
{"payload":{"local_timestamp":1727877013813,"message_id":197,"metric":{"epoch":null,"metricName":"sys.gpu.0.percent.used_memory","metricValue":13.493307660600879,"step":null}},"type":"metric_msg"}
{"payload":{"local_timestamp":1727877013944,"message_id":198,"metric":{"epoch":null,"metricName":"sys.cpu.percent.avg","metricValue":10.384375,"step":null}},"type":"metric_msg"}
{"payload":{"local_timestamp":1727877013944,"message_id":199,"metric":{"epoch":null,"metricName":"sys.ram.total","metricValue":16340418560,"step":null}},"type":"metric_msg"}
{"payload":{"local_timestamp":1727877013944,"message_id":200,"metric":{"epoch":null,"metricName":"sys.ram.used","metricValue":15780368384,"step":null}},"type":"metric_msg"}
{"payload":{"local_timestamp":1727877013944,"message_id":201,"metric":{"epoch":null,"metricName":"sys.ram.available","metricValue":560050176,"step":null}},"type":"metric_msg"}
{"payload":{"local_timestamp":1727877013944,"message_id":202,"metric":{"epoch":null,"metricName":"sys.ram.percent.used","metricValue":96.6,"step":null}},"type":"metric_msg"}
{"payload":{"local_timestamp":1727877013944,"message_id":203,"metric":{"epoch":null,"metricName":"sys.load.avg","metricValue":0.21,"step":null}},"type":"metric_msg"}
{"payload":{"local_timestamp":1727877014053,"message_id":204,"metric":{"epoch":null,"metricName":"sys.network.send_bps","metricValue":4236,"step":null}},"type":"metric_msg"}
{"payload":{"local_timestamp":1727877014053,"message_id":205,"metric":{"epoch":null,"metricName":"sys.network.receive_bps","metricValue":7567,"step":null}},"type":"metric_msg"}
{"payload":{"local_timestamp":1727877014155,"message_id":206,"metric":{"epoch":null,"metricName":"sys.disk.read_bps","metricValue":42975535.389857836,"step":null}},"type":"metric_msg"}
{"payload":{"local_timestamp":1727877014155,"message_id":207,"metric":{"epoch":null,"metricName":"sys.disk.write_bps","metricValue":31250096.41985512,"step":null}},"type":"metric_msg"}
{"payload":{"local_timestamp":1727877044241,"message_id":208,"metric":{"epoch":null,"metricName":"sys.gpu.0.gpu_utilization","metricValue":9,"step":null}},"type":"metric_msg"}
{"payload":{"local_timestamp":1727877044241,"message_id":209,"metric":{"epoch":null,"metricName":"sys.gpu.0.power_usage","metricValue":3480,"step":null}},"type":"metric_msg"}
{"payload":{"local_timestamp":1727877044241,"message_id":210,"metric":{"epoch":null,"metricName":"sys.gpu.0.temperature","metricValue":50,"step":null}},"type":"metric_msg"}
{"payload":{"local_timestamp":1727877044241,"message_id":211,"metric":{"epoch":null,"metricName":"sys.gpu.0.memory_utilization","metricValue":3,"step":null}},"type":"metric_msg"}
{"payload":{"local_timestamp":1727877044241,"message_id":212,"metric":{"epoch":null,"metricName":"sys.gpu.0.free_memory","metricValue":7427239936,"step":null}},"type":"metric_msg"}
{"payload":{"local_timestamp":1727877044241,"message_id":213,"metric":{"epoch":null,"metricName":"sys.gpu.0.used_memory","metricValue":1158500352,"step":null}},"type":"metric_msg"}
{"payload":{"local_timestamp":1727877044241,"message_id":214,"metric":{"epoch":null,"metricName":"sys.gpu.0.percent.used_memory","metricValue":13.493307660600879,"step":null}},"type":"metric_msg"}
{"payload":{"local_timestamp":1727877044363,"message_id":215,"metric":{"epoch":null,"metricName":"sys.cpu.percent.avg","metricValue":4.046875,"step":null}},"type":"metric_msg"}
{"payload":{"local_timestamp":1727877044363,"message_id":216,"metric":{"epoch":null,"metricName":"sys.ram.total","metricValue":16340418560,"step":null}},"type":"metric_msg"}
{"payload":{"local_timestamp":1727877044363,"message_id":217,"metric":{"epoch":null,"metricName":"sys.ram.used","metricValue":16012189696,"step":null}},"type":"metric_msg"}
{"payload":{"local_timestamp":1727877044363,"message_id":218,"metric":{"epoch":null,"metricName":"sys.ram.available","metricValue":328228864,"step":null}},"type":"metric_msg"}
{"payload":{"local_timestamp":1727877044363,"message_id":219,"metric":{"epoch":null,"metricName":"sys.ram.percent.used","metricValue":98.0,"step":null}},"type":"metric_msg"}
{"payload":{"local_timestamp":1727877044363,"message_id":220,"metric":{"epoch":null,"metricName":"sys.load.avg","metricValue":0.13,"step":null}},"type":"metric_msg"}
{"payload":{"local_timestamp":1727877044479,"message_id":221,"metric":{"epoch":null,"metricName":"sys.network.send_bps","metricValue":2418,"step":null}},"type":"metric_msg"}
{"payload":{"local_timestamp":1727877044479,"message_id":222,"metric":{"epoch":null,"metricName":"sys.network.receive_bps","metricValue":4280,"step":null}},"type":"metric_msg"}
{"payload":{"local_timestamp":1727877044582,"message_id":223,"metric":{"epoch":null,"metricName":"sys.disk.read_bps","metricValue":47170138.23521788,"step":null}},"type":"metric_msg"}
{"payload":{"local_timestamp":1727877044582,"message_id":224,"metric":{"epoch":null,"metricName":"sys.disk.write_bps","metricValue":13770060.791615797,"step":null}},"type":"metric_msg"}
{"payload":{"local_timestamp":1727877074968,"message_id":225,"metric":{"epoch":null,"metricName":"sys.gpu.0.gpu_utilization","metricValue":9,"step":null}},"type":"metric_msg"}
{"payload":{"local_timestamp":1727877074968,"message_id":226,"metric":{"epoch":null,"metricName":"sys.gpu.0.power_usage","metricValue":3569,"step":null}},"type":"metric_msg"}
{"payload":{"local_timestamp":1727877074968,"message_id":227,"metric":{"epoch":null,"metricName":"sys.gpu.0.temperature","metricValue":50,"step":null}},"type":"metric_msg"}
{"payload":{"local_timestamp":1727877074968,"message_id":228,"metric":{"epoch":null,"metricName":"sys.gpu.0.memory_utilization","metricValue":4,"step":null}},"type":"metric_msg"}
{"payload":{"local_timestamp":1727877074968,"message_id":229,"metric":{"epoch":null,"metricName":"sys.gpu.0.free_memory","metricValue":7427239936,"step":null}},"type":"metric_msg"}
{"payload":{"local_timestamp":1727877074969,"message_id":230,"metric":{"epoch":null,"metricName":"sys.gpu.0.used_memory","metricValue":1158500352,"step":null}},"type":"metric_msg"}
{"payload":{"local_timestamp":1727877074969,"message_id":231,"metric":{"epoch":null,"metricName":"sys.gpu.0.percent.used_memory","metricValue":13.493307660600879,"step":null}},"type":"metric_msg"}
{"payload":{"local_timestamp":1727877075086,"message_id":232,"metric":{"epoch":null,"metricName":"sys.cpu.percent.avg","metricValue":4.293749999999998,"step":null}},"type":"metric_msg"}
{"payload":{"local_timestamp":1727877075086,"message_id":233,"metric":{"epoch":null,"metricName":"sys.ram.total","metricValue":16340418560,"step":null}},"type":"metric_msg"}
{"payload":{"local_timestamp":1727877075086,"message_id":234,"metric":{"epoch":null,"metricName":"sys.ram.used","metricValue":15930793984,"step":null}},"type":"metric_msg"}
{"payload":{"local_timestamp":1727877075086,"message_id":235,"metric":{"epoch":null,"metricName":"sys.ram.available","metricValue":409624576,"step":null}},"type":"metric_msg"}
{"payload":{"local_timestamp":1727877075086,"message_id":236,"metric":{"epoch":null,"metricName":"sys.ram.percent.used","metricValue":97.5,"step":null}},"type":"metric_msg"}
{"payload":{"local_timestamp":1727877075086,"message_id":237,"metric":{"epoch":null,"metricName":"sys.load.avg","metricValue":0.08,"step":null}},"type":"metric_msg"}
{"payload":{"local_timestamp":1727877075199,"message_id":238,"metric":{"epoch":null,"metricName":"sys.network.send_bps","metricValue":4774,"step":null}},"type":"metric_msg"}
{"payload":{"local_timestamp":1727877075199,"message_id":239,"metric":{"epoch":null,"metricName":"sys.network.receive_bps","metricValue":7748,"step":null}},"type":"metric_msg"}
{"payload":{"local_timestamp":1727877075302,"message_id":240,"metric":{"epoch":null,"metricName":"sys.disk.read_bps","metricValue":21452244.44189375,"step":null}},"type":"metric_msg"}
{"payload":{"local_timestamp":1727877075302,"message_id":241,"metric":{"epoch":null,"metricName":"sys.disk.write_bps","metricValue":11330902.702641925,"step":null}},"type":"metric_msg"}
{"payload":{"local_timestamp":1727877105282,"message_id":242,"metric":{"epoch":null,"metricName":"sys.gpu.0.gpu_utilization","metricValue":9,"step":null}},"type":"metric_msg"}
{"payload":{"local_timestamp":1727877105282,"message_id":243,"metric":{"epoch":null,"metricName":"sys.gpu.0.power_usage","metricValue":3411,"step":null}},"type":"metric_msg"}
{"payload":{"local_timestamp":1727877105282,"message_id":244,"metric":{"epoch":null,"metricName":"sys.gpu.0.temperature","metricValue":50,"step":null}},"type":"metric_msg"}
{"payload":{"local_timestamp":1727877105282,"message_id":245,"metric":{"epoch":null,"metricName":"sys.gpu.0.memory_utilization","metricValue":3,"step":null}},"type":"metric_msg"}
{"payload":{"local_timestamp":1727877105282,"message_id":246,"metric":{"epoch":null,"metricName":"sys.gpu.0.free_memory","metricValue":7427174400,"step":null}},"type":"metric_msg"}
{"payload":{"local_timestamp":1727877105282,"message_id":247,"metric":{"epoch":null,"metricName":"sys.gpu.0.used_memory","metricValue":1158565888,"step":null}},"type":"metric_msg"}
{"payload":{"local_timestamp":1727877105282,"message_id":248,"metric":{"epoch":null,"metricName":"sys.gpu.0.percent.used_memory","metricValue":13.494070972765021,"step":null}},"type":"metric_msg"}
{"payload":{"local_timestamp":1727877105408,"message_id":249,"metric":{"epoch":null,"metricName":"sys.cpu.percent.avg","metricValue":4.7562500000000005,"step":null}},"type":"metric_msg"}
{"payload":{"local_timestamp":1727877105408,"message_id":250,"metric":{"epoch":null,"metricName":"sys.ram.total","metricValue":16340418560,"step":null}},"type":"metric_msg"}
{"payload":{"local_timestamp":1727877105408,"message_id":251,"metric":{"epoch":null,"metricName":"sys.ram.used","metricValue":16037863424,"step":null}},"type":"metric_msg"}
{"payload":{"local_timestamp":1727877105409,"message_id":252,"metric":{"epoch":null,"metricName":"sys.ram.available","metricValue":302555136,"step":null}},"type":"metric_msg"}
{"payload":{"local_timestamp":1727877105409,"message_id":253,"metric":{"epoch":null,"metricName":"sys.ram.percent.used","metricValue":98.1,"step":null}},"type":"metric_msg"}
{"payload":{"local_timestamp":1727877105409,"message_id":254,"metric":{"epoch":null,"metricName":"sys.load.avg","metricValue":2.48,"step":null}},"type":"metric_msg"}
{"payload":{"local_timestamp":1727877105522,"message_id":255,"metric":{"epoch":null,"metricName":"sys.network.send_bps","metricValue":18346,"step":null}},"type":"metric_msg"}
{"payload":{"local_timestamp":1727877105522,"message_id":256,"metric":{"epoch":null,"metricName":"sys.network.receive_bps","metricValue":39404,"step":null}},"type":"metric_msg"}
{"payload":{"local_timestamp":1727877105639,"message_id":257,"metric":{"epoch":null,"metricName":"sys.disk.read_bps","metricValue":60584353.299840435,"step":null}},"type":"metric_msg"}
{"payload":{"local_timestamp":1727877105640,"message_id":258,"metric":{"epoch":null,"metricName":"sys.disk.write_bps","metricValue":22021842.846644398,"step":null}},"type":"metric_msg"}
{"payload":{"local_timestamp":1727877136772,"message_id":259,"metric":{"epoch":null,"metricName":"sys.network.send_bps","metricValue":11116,"step":null}},"type":"metric_msg"}
{"payload":{"local_timestamp":1727877136775,"message_id":260,"metric":{"epoch":null,"metricName":"sys.network.receive_bps","metricValue":12579,"step":null}},"type":"metric_msg"}
{"payload":{"local_timestamp":1727877137017,"message_id":261,"metric":{"epoch":null,"metricName":"sys.disk.read_bps","metricValue":80090371.94093448,"step":null}},"type":"metric_msg"}
{"payload":{"local_timestamp":1727877137019,"message_id":262,"metric":{"epoch":null,"metricName":"sys.disk.write_bps","metricValue":24800032.976592686,"step":null}},"type":"metric_msg"}
{"payload":{"local_timestamp":1727877139797,"message_id":263,"metric":{"epoch":null,"metricName":"sys.gpu.0.gpu_utilization","metricValue":7,"step":null}},"type":"metric_msg"}
{"payload":{"local_timestamp":1727877139797,"message_id":264,"metric":{"epoch":null,"metricName":"sys.gpu.0.power_usage","metricValue":3618,"step":null}},"type":"metric_msg"}
{"payload":{"local_timestamp":1727877139797,"message_id":265,"metric":{"epoch":null,"metricName":"sys.gpu.0.temperature","metricValue":51,"step":null}},"type":"metric_msg"}
{"payload":{"local_timestamp":1727877139797,"message_id":266,"metric":{"epoch":null,"metricName":"sys.gpu.0.memory_utilization","metricValue":3,"step":null}},"type":"metric_msg"}
{"payload":{"local_timestamp":1727877139797,"message_id":267,"metric":{"epoch":null,"metricName":"sys.gpu.0.free_memory","metricValue":7423111168,"step":null}},"type":"metric_msg"}
{"payload":{"local_timestamp":1727877139797,"message_id":268,"metric":{"epoch":null,"metricName":"sys.gpu.0.used_memory","metricValue":1162629120,"step":null}},"type":"metric_msg"}
{"payload":{"local_timestamp":1727877139797,"message_id":269,"metric":{"epoch":null,"metricName":"sys.gpu.0.percent.used_memory","metricValue":13.541396326941864,"step":null}},"type":"metric_msg"}
{"payload":{"local_timestamp":1727877139960,"message_id":270,"metric":{"epoch":null,"metricName":"sys.cpu.percent.avg","metricValue":11.787499999999998,"step":null}},"type":"metric_msg"}
{"payload":{"local_timestamp":1727877139960,"message_id":271,"metric":{"epoch":null,"metricName":"sys.ram.total","metricValue":16340418560,"step":null}},"type":"metric_msg"}
{"payload":{"local_timestamp":1727877139960,"message_id":272,"metric":{"epoch":null,"metricName":"sys.ram.used","metricValue":16339730432,"step":null}},"type":"metric_msg"}
{"payload":{"local_timestamp":1727877139960,"message_id":273,"metric":{"epoch":null,"metricName":"sys.ram.available","metricValue":688128,"step":null}},"type":"metric_msg"}
{"payload":{"local_timestamp":1727877139976,"message_id":274,"metric":{"epoch":null,"metricName":"sys.ram.percent.used","metricValue":100.0,"step":null}},"type":"metric_msg"}
{"payload":{"local_timestamp":1727877139976,"message_id":275,"metric":{"epoch":null,"metricName":"sys.load.avg","metricValue":2.73,"step":null}},"type":"metric_msg"}
{"payload":{"local_timestamp":1727877167886,"message_id":276,"metric":{"epoch":null,"metricName":"sys.network.send_bps","metricValue":12871,"step":null}},"type":"metric_msg"}
{"payload":{"local_timestamp":1727877167886,"message_id":277,"metric":{"epoch":null,"metricName":"sys.network.receive_bps","metricValue":49847,"step":null}},"type":"metric_msg"}
{"payload":{"local_timestamp":1727877167993,"message_id":278,"metric":{"epoch":null,"metricName":"sys.disk.read_bps","metricValue":144459668.16127062,"step":null}},"type":"metric_msg"}
{"payload":{"local_timestamp":1727877167994,"message_id":279,"metric":{"epoch":null,"metricName":"sys.disk.write_bps","metricValue":45083318.03702377,"step":null}},"type":"metric_msg"}
{"payload":{"local_timestamp":1727877170804,"message_id":280,"metric":{"epoch":null,"metricName":"sys.gpu.0.gpu_utilization","metricValue":5,"step":null}},"type":"metric_msg"}
{"payload":{"local_timestamp":1727877170804,"message_id":281,"metric":{"epoch":null,"metricName":"sys.gpu.0.power_usage","metricValue":3600,"step":null}},"type":"metric_msg"}
{"payload":{"local_timestamp":1727877170804,"message_id":282,"metric":{"epoch":null,"metricName":"sys.gpu.0.temperature","metricValue":51,"step":null}},"type":"metric_msg"}
{"payload":{"local_timestamp":1727877170804,"message_id":283,"metric":{"epoch":null,"metricName":"sys.gpu.0.memory_utilization","metricValue":3,"step":null}},"type":"metric_msg"}
{"payload":{"local_timestamp":1727877170804,"message_id":284,"metric":{"epoch":null,"metricName":"sys.gpu.0.free_memory","metricValue":7423111168,"step":null}},"type":"metric_msg"}
{"payload":{"local_timestamp":1727877170804,"message_id":285,"metric":{"epoch":null,"metricName":"sys.gpu.0.used_memory","metricValue":1162629120,"step":null}},"type":"metric_msg"}
{"payload":{"local_timestamp":1727877170804,"message_id":286,"metric":{"epoch":null,"metricName":"sys.gpu.0.percent.used_memory","metricValue":13.541396326941864,"step":null}},"type":"metric_msg"}
{"payload":{"local_timestamp":1727877170941,"message_id":287,"metric":{"epoch":null,"metricName":"sys.cpu.percent.avg","metricValue":19.940625,"step":null}},"type":"metric_msg"}
{"payload":{"local_timestamp":1727877170941,"message_id":288,"metric":{"epoch":null,"metricName":"sys.ram.total","metricValue":16340418560,"step":null}},"type":"metric_msg"}
{"payload":{"local_timestamp":1727877170941,"message_id":289,"metric":{"epoch":null,"metricName":"sys.ram.used","metricValue":15963951104,"step":null}},"type":"metric_msg"}
{"payload":{"local_timestamp":1727877170941,"message_id":290,"metric":{"epoch":null,"metricName":"sys.ram.available","metricValue":376467456,"step":null}},"type":"metric_msg"}
{"payload":{"local_timestamp":1727877170941,"message_id":291,"metric":{"epoch":null,"metricName":"sys.ram.percent.used","metricValue":97.7,"step":null}},"type":"metric_msg"}
{"payload":{"local_timestamp":1727877170941,"message_id":292,"metric":{"epoch":null,"metricName":"sys.load.avg","metricValue":2.72,"step":null}},"type":"metric_msg"}
{"payload":{"additional_params":{"assetId":"42a00f4bd92e4b319c46b7f1c9410eec","context":null,"extension":"jpg","fileName":"labels.jpg","overwrite":false,"runId":null,"step":null},"clean":true,"file_path":"tmp72o2rrgc","local_timestamp":1727877171939,"message_id":293,"metadata":{},"upload_type":"asset"},"type":"file_upload"}
{"payload":{"additional_params":{"assetId":"e97def34081a4b899eefe64564f79c5a","context":null,"extension":"jpg","fileName":"labels_correlogram.jpg","overwrite":false,"runId":null,"step":null},"clean":true,"file_path":"tmpaf7o9jva","local_timestamp":1727877171944,"message_id":294,"metadata":{},"upload_type":"asset"},"type":"file_upload"}
{"payload":{"local_timestamp":1727877172085,"message_id":295,"output":"E:\\TOOL\\yolov9\\yolov9-main\\yolov9-main\\train_dual.py:255: FutureWarning:\n\n`torch.cuda.amp.GradScaler(args...)` is deprecated. Please use `torch.amp.GradScaler('cuda', args...)` instead.\n\n","stderr":true},"type":"standard_output"}
{"payload":{"local_timestamp":1727877172131,"message_id":296,"output":"\r  0%|          | 0/223 00:00","stderr":true},"type":"standard_output"}
{"payload":{"local_timestamp":1727877172408,"message_id":297,"output":"E:\\TOOL\\yolov9\\yolov9-main\\yolov9-main\\train_dual.py:313: FutureWarning:\n\n`torch.cuda.amp.autocast(args...)` is deprecated. Please use `torch.amp.autocast('cuda', args...)` instead.\n\n","stderr":true},"type":"standard_output"}
{"payload":{"local_timestamp":1727877178289,"message_id":298,"output":"\r  0%|          | 0/223 00:06","stderr":true},"type":"standard_output"}
{"payload":{"local_timestamp":1727877178290,"message_id":299,"output":"\n","stderr":true},"type":"standard_output"}
{"payload":{"local_timestamp":1727877178330,"message_id":300,"output":"Traceback (most recent call last):\n  File \"E:\\TOOL\\yolov9\\yolov9-main\\yolov9-main\\train_dual.py\", line 644, in <module>\n    main(opt)\n  File \"E:\\TOOL\\yolov9\\yolov9-main\\yolov9-main\\train_dual.py\", line 538, in main\n    train(opt.hyp, opt, device, callbacks)\n  File \"E:\\TOOL\\yolov9\\yolov9-main\\yolov9-main\\train_dual.py\", line 314, in train\n    pred = model(imgs)  # forward\n  File \"E:\\SOFTWARE\\annaconda\\annaconda_evn\\envs\\yolo_for_calcification\\lib\\site-packages\\torch\\nn\\modules\\module.py\", line 1553, in _wrapped_call_impl\n    return self._call_impl(*args, **kwargs)\n  File \"E:\\SOFTWARE\\annaconda\\annaconda_evn\\envs\\yolo_for_calcification\\lib\\site-packages\\torch\\nn\\modules\\module.py\", line 1562, in _call_impl\n    return forward_call(*args, **kwargs)\n  File \"E:\\TOOL\\yolov9\\yolov9-main\\yolov9-main\\models\\yolo.py\", line 633, in forward\n    return self._forward_once(x, profile, visualize)  # single-scale inference, train\n  File \"E:\\TOOL\\yolov9\\yolov9-main\\yolov9-main\\models\\yolo.py\", line 533, in _forward_once\n    x = m(x)  # run\n  File \"E:\\SOFTWARE\\annaconda\\annaconda_evn\\envs\\yolo_for_calcification\\lib\\site-packages\\torch\\nn\\modules\\module.py\", line 1553, in _wrapped_call_impl\n    return self._call_impl(*args, **kwargs)\n  File \"E:\\SOFTWARE\\annaconda\\annaconda_evn\\envs\\yolo_for_calcification\\lib\\site-packages\\torch\\nn\\modules\\module.py\", line 1562, in _call_impl\n    return forward_call(*args, **kwargs)\n  File \"E:\\TOOL\\yolov9\\yolov9-main\\yolov9-main\\models\\common.py\", line 613, in forward\n    y.extend((m(y[-1])) for m in [self.cv2, self.cv3])\n  File \"E:\\TOOL\\yolov9\\yolov9-main\\yolov9-main\\models\\common.py\", line 613, in <genexpr>\n    y.extend((m(y[-1])) for m in [self.cv2, self.cv3])\n  File \"E:\\SOFTWARE\\annaconda\\annaconda_evn\\envs\\yolo_for_calcification\\lib\\site-packages\\torch\\nn\\modules\\module.py\", line 1553, in _wrapped_call_impl\n    return self._call_impl(*args, **kwargs)\n  File \"E:\\SOFTWARE\\annaconda\\annaconda_evn\\envs\\yolo_for_calcification\\lib\\site-packages\\torch\\nn\\modules\\module.py\", line 1562, in _call_impl\n    return forward_call(*args, **kwargs)\n  File \"E:\\SOFTWARE\\annaconda\\annaconda_evn\\envs\\yolo_for_calcification\\lib\\site-packages\\torch\\nn\\modules\\container.py\", line 219, in forward\n    input = module(input)\n  File \"E:\\SOFTWARE\\annaconda\\annaconda_evn\\envs\\yolo_for_calcification\\lib\\site-packages\\torch\\nn\\modules\\module.py\", line 1553, in _wrapped_call_impl\n    return self._call_impl(*args, **kwargs)\n  File \"E:\\SOFTWARE\\annaconda\\annaconda_evn\\envs\\yolo_for_calcification\\lib\\site-packages\\torch\\nn\\modules\\module.py\", line 1562, in _call_impl\n    return forward_call(*args, **kwargs)\n  File \"E:\\TOOL\\yolov9\\yolov9-main\\yolov9-main\\models\\common.py\", line 384, in forward\n    return self.cv3(torch.cat((self.m(self.cv1(x)), self.cv2(x)), 1))\n  File \"E:\\SOFTWARE\\annaconda\\annaconda_evn\\envs\\yolo_for_calcification\\lib\\site-packages\\torch\\nn\\modules\\module.py\", line 1553, in _wrapped_call_impl\n    return self._call_impl(*args, **kwargs)\n  File \"E:\\SOFTWARE\\annaconda\\annaconda_evn\\envs\\yolo_for_calcification\\lib\\site-packages\\torch\\nn\\modules\\module.py\", line 1562, in _call_impl\n    return forward_call(*args, **kwargs)\n  File \"E:\\SOFTWARE\\annaconda\\annaconda_evn\\envs\\yolo_for_calcification\\lib\\site-packages\\torch\\nn\\modules\\container.py\", line 219, in forward\n    input = module(input)\n  File \"E:\\SOFTWARE\\annaconda\\annaconda_evn\\envs\\yolo_for_calcification\\lib\\site-packages\\torch\\nn\\modules\\module.py\", line 1553, in _wrapped_call_impl\n    return self._call_impl(*args, **kwargs)\n  File \"E:\\SOFTWARE\\annaconda\\annaconda_evn\\envs\\yolo_for_calcification\\lib\\site-packages\\torch\\nn\\modules\\module.py\", line 1562, in _call_impl\n    return forward_call(*args, **kwargs)\n  File \"E:\\TOOL\\yolov9\\yolov9-main\\yolov9-main\\models\\common.py\", line 309, in forward\n    return x + self.cv2(self.cv1(x)) if self.add else self.cv2(self.cv1(x))\ntorch.OutOfMemoryError: CUDA out of memory. Tried to allocate 74.00 MiB. GPU 0 has a total capacity of 8.00 GiB of which 259.00 MiB is free. Of the allocated memory 6.57 GiB is allocated by PyTorch, and 96.78 MiB is reserved by PyTorch but unallocated. If reserved but unallocated memory is large try setting PYTORCH_CUDA_ALLOC_CONF=expandable_segments:True to avoid fragmentation.  See documentation for Memory Management  (https://pytorch.org/docs/stable/notes/cuda.html#environment-variables)\n","stderr":true},"type":"standard_output"}
{"payload":{"key":"sys.already_imported_modules","message_id":301,"value":"[\"torch\", \"tensorboard\"]"},"type":"log_other"}
